,V21,V22,V23,V24,V25,V26,V27,V28,V29,V30,V31,V32,V33,V34,V35,V36,V37,V38,V39,V40
14,-1.1101925360023,-0.872495123114621,1.20351089352643,-0.0549643998999233,0.276277511341129,-0.606853438475959,-0.607833171167653,0.992649089593264,1.64471592281764,-1.40852246292283,-0.560353089255727,-0.161219090511386,-0.726102285566882,-0.582488445048516,0.0564053919967178,0.25068599640297,-0.796456520635689,0.492920529384532,-0.0958168057336506,-0.0391818225035224
10,0.95053517979538,-0.684434397074763,-0.206007838122958,-0.576753969989562,1.86950186069224,-0.735672620875689,-0.525320623634574,-0.468753166613185,-0.446385416118603,-0.604962091959221,1.03285847412513,6.99224909601111,-0.722852651131636,-1.56320768886635,1.38161893308313,-2.56049981183414,-1.40731366639573,-2.01290146344567,1.62153055841254,0.338125618412771
75,0.20555524562753,-0.0223737412716719,1.63826888649675,1.33068438653216,-1.11571225574547,-0.829809715706263,-0.816007424302463,-1.56334161757356,2.3778242367878,-0.437209491979468,-1.89609826187205,-0.25904683961002,-1.29495113989989,0.300101614568902,-0.937446111685291,2.2133513061721,-0.0039106984263622,0.298501695334004,-0.360795029846253,0.484832306882801
65,0.997986245333636,-1.06319162089735,-0.338419144885262,0.644449102468197,-0.178549649707261,0.549638461244364,0.136986073073105,-0.991538455184838,-0.052799769728977,-0.493940371245349,1.19140768799142,0.0744734901295726,1.52970178556972,-0.699788107721331,-0.47104435162553,-0.539811825946313,0.40322859434799,0.983180095842493,-0.35133032872495,0.30338695203831
37,0.16163840652396,1.67410496850785,-1.06243453347717,-0.849137274328561,-1.0701106798433,-0.788990077952478,-0.554150234872299,0.841188795818962,-0.763459416339337,0.66620571871019,1.98901138993447,-0.177245104009139,1.02808017666953,0.16670527841465,-1.19302722372341,-0.670004298743304,-0.053544142268765,0.102244021606534,1.51148487727459,2.34366953420302
61,0.637031496775962,0.154090336306266,0.617489128243062,0.255861349383294,-0.961061505384011,-0.061648393074908,0.0013191218744809,0.707531740708968,-0.498567094400803,1.2594682629824,-0.237628941703743,-0.269276114007003,0.499073988458652,0.491811839655683,0.840687493156901,-1.46429071417535,-0.221673491620062,-1.31177240758031,-0.367952540422876,-0.154003180034952
43,0.139755517414387,-0.476417647272226,-0.0652756944390951,-0.833934763151054,0.953155919589439,-0.483598578789714,-0.573570736153729,-0.162358793622703,1.83463288552274,0.81839330180837,0.929377257795133,-0.299688030810519,0.549959522131274,0.268166684839788,0.290272181089953,-0.399484659399484,-0.179204417816409,0.128489611816273,1.06925804453887,1.29759659510204
41,0.82362010643869,0.16388248051332,-0.0745696576251222,-0.707427213369741,1.03498159613533,-0.119263230620053,-1.2722109782968,-0.778082496362448,-0.419848663184796,1.23214296767568,-0.756823272721712,-0.1652711274563,-1.03534068569976,-0.0714398033962236,0.0775296389388364,-0.451957088102628,0.114282487221736,-0.155523205617364,-0.700068965408086,-1.74716163553358
20,-1.49195180834605,0.0385161352207228,-0.959052352507068,0.119822654408475,1.74745825788792,-0.258608621932497,-1.7607902287312,1.21862734226712,-0.37022203838635,1.29756745924704,0.0600478523455425,-0.451078586921302,-0.484189867094327,-1.3026061494423,0.870774259948147,-1.39758411846323,-0.898082100569173,-0.106577835570956,-0.549815530135359,1.55529710861753
73,0.475335028692795,-0.598331897468556,-0.330356098693957,0.437328331178116,-0.785590679476027,-0.17817056832305,0.830340988918063,-1.15024221659023,0.195291041275632,-0.604672728500047,-0.976327175659097,0.679596608655446,0.225749591921714,-0.548868362937186,1.68226858094638,-0.0571724246580405,2.60534530169033,1.21152588823532,-0.965450164882791,1.27844046448167
85,0.394746290328918,-1.78449643036826,-0.938265781634572,2.02999990069744,0.10613747060461,2.20258916453651,-0.231788350785261,-0.270681013862327,-0.455677999170979,-0.817898405057061,-0.0423776147721646,0.123284576024746,1.00969445177842,1.9559658035632,-0.483746389275267,0.220472588328305,-0.260572993731872,0.718628942161031,-0.828524147932872,-0.0567266035007253
13,0.313973586729549,1.69970240308803,-0.167494442898838,-1.23109528900655,0.413421594853495,-0.364947794524534,-0.26511663510463,-0.211087832667312,-0.370235057767158,-0.437423581836086,1.72327100955681,-0.464935218823714,-0.36610653563569,-0.566699152066178,-1.74239983120717,-0.540060530087411,0.180124056944063,-0.974751922885672,0.183758313490146,-0.215887777954954
27,2.40206276608888,-0.53556653208187,-0.221696631046918,-0.230401522285714,0.0783563377740425,0.155053497798308,-0.722653812130004,0.57452297489266,0.622779155291718,-0.844382004626126,-0.269455628631395,3.46306377183977,0.8762775574089,0.875239090282762,0.30770193611119,-0.932946751921602,0.0124866273665554,-0.720438930353717,-0.819946827790291,-0.754854216093762
67,-0.965978747900115,-0.133946650313814,0.810018313052423,0.906431317568946,0.909066949716412,-0.707777984700475,-0.50067010760931,1.56029486737204,-0.339252186287102,-0.74130604808845,-0.568499558598835,-0.521670949291394,0.500082137307969,-0.438355552877159,0.643417265150406,1.06956925138984,0.982092034820551,-0.93503005544193,-0.136030823734159,0.107928857634207
39,1.11583168301536,2.69897558848157,-0.728876273252766,0.178266642513292,-1.02992515439046,-0.87944683335051,-0.855419979592918,0.596864238612774,-0.975105725614543,-1.17593680682037,-0.526904225869872,-0.534157967460089,-1.57505195963016,-1.15664121509271,-2.15928023291496,0.772185419738167,-0.558707909965927,-0.93126446343417,0.238855276470284,0.167551102215095
47,0.249708397797827,-0.374963785381861,-0.956537880619822,-0.157321442614942,1.42793345035024,-0.558333566730874,-0.811385836655746,-1.16339090761327,1.0480800133319,0.123019671722141,0.169946600404146,-0.561249089410885,1.02220970166896,1.25648339532998,-0.676201217933953,-0.113665570308974,-0.690605475978643,-0.68822626876203,1.4596889715353,-0.917642081462018
24,-0.628450401647353,-0.540060980567596,0.897951945862891,0.411870518088539,2.12688021781286,0.374059251947256,-0.0290592128831536,2.15142312401101,-0.305737045239709,-0.99587941677101,1.87279000895286,-0.166354916599109,0.0226439752896965,-0.0598803925032185,1.83448923139289,0.0724397384763835,-0.104565052139803,0.615730843824432,-1.18543086553075,-1.43549476078498
71,-0.164686008191669,1.24416408362588,0.0929173847280145,-1.83246561954086,-0.734197885901978,-0.975796513197074,2.2891033386534,-0.82338930238178,0.18512941455426,-0.490316484950914,-0.41052270315381,-0.436604321439171,-0.710280238162005,0.779688638057059,0.25810000513233,0.432459708064167,0.677776588095313,-1.46356093055465,0.996300712401077,0.194987907761382
53,-1.91406527596459,0.368396698765259,0.457110901472383,-0.229768183901492,1.08437918220759,-0.454104747503929,-0.178664675760983,0.946050648368974,2.59024519922114,0.377998735795094,0.52431653403561,-0.294967867613673,0.544501314185928,-1.12930067176159,0.391741555732958,0.191718244548089,2.78000204803996,1.70336055640859,-1.28975763725523,1.1649903700966
26,1.3862127183137,0.433726851255395,-0.673287953795937,-0.960796026445064,0.36230676608525,-1.11465265303734,0.655538040200398,0.19940005000659,0.246463717545141,-0.759676717428891,-0.589015494134198,-0.195756078303549,-1.19881323416629,-1.9261818954872,-1.20933844110086,0.312870321816083,-1.0529863760021,0.310069535373411,2.15323044926653,-0.177081492617721
5,0.0406176989646043,-0.372443830682258,-0.567824551328176,-1.07964854662387,0.254836704571825,-0.882787617656834,-1.00262860845183,0.5676043581059,-0.143004549663662,-0.279879842005452,-0.0114999159005002,-0.218374090489388,-0.951550005048486,-2.26175707487665,-0.812909267922409,0.752309813795232,-0.162907998643753,-0.0510976249196405,1.00091509349044,0.125161987916328
63,1.38903202293891,-0.396593552221516,-1.37610916522982,0.641832100465466,0.0532508293625502,-0.171886972922849,0.123711300045289,-1.35953090403785,0.762219978600585,-0.840755185593929,0.0720822071305248,0.175039565040779,0.324196539607444,-1.68877942320069,-0.236149076647968,0.535924775830913,-0.511243958459203,1.38519000991622,1.6642020997353,1.10522499703915
76,-0.789379600089812,-0.59279135955972,0.760390223254249,1.14418654700606,0.31215202434565,0.574834912061793,0.322144573898118,-1.510627506106,1.78337558327797,-0.970167127233321,-0.843798028052887,-0.237914754634954,2.17819093456955,0.383174594676421,-0.898041357573379,0.916317759643828,-1.55360934578738,0.0510055965048145,1.14457476610244,-1.38043646778718
77,-1.06150905295148,-1.03430460868486,-0.259104630417225,1.90756722618065,-0.430762636295449,2.00809709982217,3.81840021155552,0.8615689491158,-0.366368301666905,-0.280199510421497,-0.341569824123355,0.34359492473864,0.723749140265351,0.409748046850504,-0.718997131724369,-0.611488359411418,-0.253219423780128,1.95063687360309,-1.46553632538654,-0.783341399976063
4,1.42741046149756,1.73389645110598,0.752930488353121,-0.914698551898337,-0.633989015450645,-0.240444248245102,0.532070359585209,-0.897969406660251,-1.27905293513467,-0.421134178727329,0.455553452616353,-0.320485601832188,-0.322737080755469,2.14768826946631,1.10519320851385,-0.165081006412444,-0.609375646666041,-0.83954958727626,-0.665310774460293,1.16729658538821
48,-0.375899037668489,0.795989486495711,-0.898290672479218,-0.877116491174193,0.33053010233442,-1.64684506973048,1.35348996077907,0.424910799943606,-0.805095396166303,1.32103327165912,-0.187729963484895,-0.465651132783274,-1.32396746528627,-1.30202675080241,-0.301514805098105,-0.488097944873521,1.87731664981236,-0.931586809831721,-1.21445970728886,0.274285700821107
29,1.00298022843369,-1.40102993612485,-0.622964773808857,0.591439874686861,0.364005250420114,0.727817275378746,0.56335826212438,-1.32380649172879,-0.305896532654618,0.0127340681865013,-1.35482513061402,-0.434354692561209,1.41725161572272,0.657333518237603,-0.874578134668517,1.87606704014991,-0.117165766345285,1.40123773227615,0.655400259704126,-0.0259424384220814
